amfi_code,tracking_error
101207,0.22067664667796036
119598,0.22015688019068586
119599,0.21566249586580502
120842,0.1713118213067406
120843,0.15876661297188854
